,equity
2025-11-24 09:30:00-05:00,99998.42420121768
2025-11-24 09:31:00-05:00,99983.75800248721
2025-11-24 09:32:00-05:00,99972.594245163
2025-11-24 09:33:00-05:00,99964.40448686221
2025-11-24 09:34:00-05:00,99964.58466264346
2025-11-24 09:35:00-05:00,99959.63257524112
2025-11-24 09:36:00-05:00,99956.4844429169
2025-11-24 09:37:00-05:00,99964.24628373721
2025-11-24 09:38:00-05:00,99966.56439897159
2025-11-24 09:39:00-05:00,99964.22431108096
2025-11-24 09:40:00-05:00,99968.06732865909
2025-11-24 09:41:00-05:00,99964.40448686221
2025-11-24 09:42:00-05:00,99967.59931108096
2025-11-24 09:43:00-05:00,99970.7045967255
2025-11-24 09:44:00-05:00,99969.9844429169
2025-11-24 09:45:00-05:00,99974.4844429169
2025-11-24 09:46:00-05:00,99981.77442094425
2025-11-24 09:47:00-05:00,99973.13422319034
2025-11-24 09:48:00-05:00,99981.32453080753
2025-11-24 09:49:00-05:00,99980.86365434268
2025-11-24 09:50:00-05:00,99987.48726620538
2025-11-24 09:51:00-05:00,99987.48726620538
2025-11-24 09:52:00-05:00,99987.48726620538
2025-11-24 09:53:00-05:00,99987.48726620538
2025-11-24 09:54:00-05:00,99987.48726620538
2025-11-24 09:55:00-05:00,99987.48726620538
2025-11-24 09:56:00-05:00,99987.48726620538
2025-11-24 09:57:00-05:00,99987.48726620538
2025-11-24 09:58:00-05:00,99987.48726620538
2025-11-24 09:59:00-05:00,99987.48726620538
2025-11-24 10:00:00-05:00,99987.48726620538
2025-11-24 10:01:00-05:00,99987.48726620538
2025-11-24 10:02:00-05:00,99987.48726620538
2025-11-24 10:03:00-05:00,99987.48726620538
2025-11-24 10:04:00-05:00,99987.48726620538
2025-11-24 10:05:00-05:00,99987.48726620538
2025-11-24 10:06:00-05:00,99987.48726620538
2025-11-24 10:07:00-05:00,99987.48726620538
2025-11-24 10:08:00-05:00,99987.48726620538
2025-11-24 10:09:00-05:00,99987.48726620538
2025-11-24 10:10:00-05:00,99987.48726620538
2025-11-24 10:11:00-05:00,99987.48726620538
2025-11-24 10:12:00-05:00,99987.48726620538
2025-11-24 10:13:00-05:00,99987.48726620538
2025-11-24 10:14:00-05:00,99987.48726620538
2025-11-24 10:15:00-05:00,99987.48726620538
2025-11-24 10:16:00-05:00,99987.48726620538
2025-11-24 10:17:00-05:00,99987.48726620538
2025-11-24 10:18:00-05:00,99987.48726620538
2025-11-24 10:19:00-05:00,99987.48726620538
2025-11-24 10:20:00-05:00,99987.48726620538
2025-11-24 10:21:00-05:00,99987.48726620538
2025-11-24 10:22:00-05:00,99987.48726620538
2025-11-24 10:23:00-05:00,99987.48726620538
2025-11-24 10:24:00-05:00,99987.48726620538
2025-11-24 10:25:00-05:00,99987.48726620538
2025-11-24 10:26:00-05:00,99987.48726620538
2025-11-24 10:27:00-05:00,99987.48726620538
2025-11-24 10:28:00-05:00,99987.48726620538
2025-11-24 10:29:00-05:00,99987.48726620538
2025-11-24 10:30:00-05:00,99987.48726620538
2025-11-24 10:31:00-05:00,99987.48726620538
2025-11-24 10:32:00-05:00,99987.48726620538
2025-11-24 10:33:00-05:00,99987.48726620538
2025-11-24 10:34:00-05:00,99987.48726620538
2025-11-24 10:35:00-05:00,99987.48726620538
2025-11-24 10:36:00-05:00,99987.48726620538
2025-11-24 10:37:00-05:00,99987.48726620538
2025-11-24 10:38:00-05:00,99987.48726620538
2025-11-24 10:39:00-05:00,99987.48726620538
2025-11-24 10:40:00-05:00,99987.48726620538
2025-11-24 10:41:00-05:00,99987.48726620538
2025-11-24 10:42:00-05:00,99987.48726620538
2025-11-24 10:43:00-05:00,99987.48726620538
2025-11-24 10:44:00-05:00,99987.48726620538
2025-11-24 10:45:00-05:00,99987.48726620538
2025-11-24 10:46:00-05:00,99987.48726620538
2025-11-24 10:47:00-05:00,99987.48726620538
2025-11-24 10:48:00-05:00,99987.48726620538
2025-11-24 10:49:00-05:00,99987.48726620538
2025-11-24 10:50:00-05:00,99987.48726620538
2025-11-24 10:51:00-05:00,99987.48726620538
2025-11-24 10:52:00-05:00,99987.48726620538
2025-11-24 10:53:00-05:00,99987.48726620538
2025-11-24 10:54:00-05:00,99987.48726620538
2025-11-24 10:55:00-05:00,99987.48726620538
2025-11-24 10:56:00-05:00,99987.48726620538
2025-11-24 10:57:00-05:00,99987.48726620538
2025-11-24 10:58:00-05:00,99987.48726620538
2025-11-24 10:59:00-05:00,99987.48726620538
2025-11-24 11:00:00-05:00,99987.48726620538
2025-11-24 11:01:00-05:00,99987.48726620538
2025-11-24 11:02:00-05:00,99987.48726620538
2025-11-24 11:03:00-05:00,99987.48726620538
2025-11-24 11:04:00-05:00,99987.48726620538
2025-11-24 11:05:00-05:00,99987.48726620538
2025-11-24 11:06:00-05:00,99987.48726620538
2025-11-24 11:07:00-05:00,99985.90131544264
2025-11-24 11:08:00-05:00,99984.16822218092
2025-11-24 11:09:00-05:00,99984.82135938795
2025-11-24 11:10:00-05:00,99985.81122755201
2025-11-24 11:11:00-05:00,99983.83149122389
2025-11-24 11:12:00-05:00,99983.20142530592
2025-11-24 11:13:00-05:00,99983.92157911451
2025-11-24 11:14:00-05:00,99983.29151319654
2025-11-24 11:15:00-05:00,99982.66144727857
2025-11-24 11:16:00-05:00,99983.56122755201
2025-11-24 11:17:00-05:00,99982.96741651685
2025-11-24 11:18:00-05:00,99977.98127149732
2025-11-24 11:19:00-05:00,99981.79484742894
2025-11-24 11:20:00-05:00,99981.79484742894
2025-11-24 11:21:00-05:00,99981.79484742894
2025-11-24 11:22:00-05:00,99981.79484742894
2025-11-24 11:23:00-05:00,99981.79484742894
2025-11-24 11:24:00-05:00,99981.79484742894
2025-11-24 11:25:00-05:00,99981.79484742894
2025-11-24 11:26:00-05:00,99981.79484742894
2025-11-24 11:27:00-05:00,99981.79484742894
2025-11-24 11:28:00-05:00,99981.79484742894
2025-11-24 11:29:00-05:00,99981.79484742894
2025-11-24 11:30:00-05:00,99981.79484742894
2025-11-24 11:31:00-05:00,99981.79484742894
2025-11-24 11:32:00-05:00,99981.79484742894
2025-11-24 11:33:00-05:00,99981.79484742894
2025-11-24 11:34:00-05:00,99981.79484742894
2025-11-24 11:35:00-05:00,99981.79484742894
2025-11-24 11:36:00-05:00,99981.79484742894
2025-11-24 11:37:00-05:00,99981.79484742894
2025-11-24 11:38:00-05:00,99981.79484742894
2025-11-24 11:39:00-05:00,99981.79484742894
2025-11-24 11:40:00-05:00,99981.79484742894
2025-11-24 11:41:00-05:00,99981.79484742894
2025-11-24 11:42:00-05:00,99981.79484742894
2025-11-24 11:43:00-05:00,99981.79484742894
2025-11-24 11:44:00-05:00,99981.79484742894
2025-11-24 11:45:00-05:00,99981.79484742894
2025-11-24 11:46:00-05:00,99981.79484742894
2025-11-24 11:47:00-05:00,99981.79484742894
2025-11-24 11:48:00-05:00,99981.79484742894
2025-11-24 11:49:00-05:00,99981.79484742894
2025-11-24 11:50:00-05:00,99981.79484742894
2025-11-24 11:51:00-05:00,99980.21159241354
2025-11-24 11:52:00-05:00,99984.02639705627
2025-11-24 11:53:00-05:00,99984.02639705627
2025-11-24 11:54:00-05:00,99984.02639705627
2025-11-24 11:55:00-05:00,99984.02639705627
2025-11-24 11:56:00-05:00,99984.02639705627
2025-11-24 11:57:00-05:00,99984.02639705627
2025-11-24 11:58:00-05:00,99984.02639705627
2025-11-24 11:59:00-05:00,99984.02639705627
2025-11-24 12:00:00-05:00,99984.02639705627
2025-11-24 12:01:00-05:00,99984.02639705627
2025-11-24 12:02:00-05:00,99984.02639705627
2025-11-24 12:03:00-05:00,99984.02639705627
2025-11-24 12:04:00-05:00,99984.02639705627
2025-11-24 12:05:00-05:00,99984.02639705627
2025-11-24 12:06:00-05:00,99984.02639705627
2025-11-24 12:07:00-05:00,99984.02639705627
2025-11-24 12:08:00-05:00,99984.02639705627
2025-11-24 12:09:00-05:00,99984.02639705627
2025-11-24 12:10:00-05:00,99984.02639705627
2025-11-24 12:11:00-05:00,99984.02639705627
2025-11-24 12:12:00-05:00,99984.02639705627
2025-11-24 12:13:00-05:00,99984.02639705627
2025-11-24 12:14:00-05:00,99984.02639705627
2025-11-24 12:15:00-05:00,99984.02639705627
2025-11-24 12:16:00-05:00,99984.02639705627
2025-11-24 12:17:00-05:00,99984.02639705627
2025-11-24 12:18:00-05:00,99984.02639705627
2025-11-24 12:19:00-05:00,99984.02639705627
2025-11-24 12:20:00-05:00,99984.02639705627
2025-11-24 12:21:00-05:00,99984.02639705627
2025-11-24 12:22:00-05:00,99984.02639705627
2025-11-24 12:23:00-05:00,99984.02639705627
2025-11-24 12:24:00-05:00,99984.02639705627
2025-11-24 12:25:00-05:00,99984.02639705627
2025-11-24 12:26:00-05:00,99984.02639705627
2025-11-24 12:27:00-05:00,99984.02639705627
2025-11-24 12:28:00-05:00,99984.02639705627
2025-11-24 12:29:00-05:00,99984.02639705627
2025-11-24 12:30:00-05:00,99984.02639705627
2025-11-24 12:31:00-05:00,99984.02639705627
2025-11-24 12:32:00-05:00,99984.02639705627
2025-11-24 12:33:00-05:00,99984.02639705627
2025-11-24 12:34:00-05:00,99984.02639705627
2025-11-24 12:35:00-05:00,99984.02639705627
2025-11-24 12:36:00-05:00,99984.02639705627
2025-11-24 12:37:00-05:00,99984.02639705627
2025-11-24 12:38:00-05:00,99984.02639705627
2025-11-24 12:39:00-05:00,99984.02639705627
2025-11-24 12:40:00-05:00,99984.02639705627
2025-11-24 12:41:00-05:00,99984.02639705627
2025-11-24 12:42:00-05:00,99984.02639705627
2025-11-24 12:43:00-05:00,99984.02639705627
2025-11-24 12:44:00-05:00,99984.02639705627
2025-11-24 12:45:00-05:00,99984.02639705627
2025-11-24 12:46:00-05:00,99984.02639705627
2025-11-24 12:47:00-05:00,99984.02639705627
2025-11-24 12:48:00-05:00,99984.02639705627
2025-11-24 12:49:00-05:00,99984.02639705627
2025-11-24 12:50:00-05:00,99984.02639705627
2025-11-24 12:51:00-05:00,99984.02639705627
2025-11-24 12:52:00-05:00,99984.02639705627
2025-11-24 12:53:00-05:00,99984.02639705627
2025-11-24 12:54:00-05:00,99984.02639705627
2025-11-24 12:55:00-05:00,99984.02639705627
2025-11-24 12:56:00-05:00,99984.02639705627
2025-11-24 12:57:00-05:00,99984.02639705627
2025-11-24 12:58:00-05:00,99984.02639705627
2025-11-24 12:59:00-05:00,99984.02639705627
2025-11-24 13:00:00-05:00,99984.02639705627
2025-11-24 13:01:00-05:00,99984.02639705627
2025-11-24 13:02:00-05:00,99984.02639705627
2025-11-24 13:03:00-05:00,99984.02639705627
2025-11-24 13:04:00-05:00,99984.02639705627
2025-11-24 13:05:00-05:00,99982.43674688308
2025-11-24 13:06:00-05:00,99982.70646123854
2025-11-24 13:07:00-05:00,99981.26670293776
2025-11-24 13:08:00-05:00,99981.1205847737
2025-11-24 13:09:00-05:00,99981.29713020203
2025-11-24 13:10:00-05:00,99981.29713020203
2025-11-24 13:11:00-05:00,99979.70670566443
2025-11-24 13:12:00-05:00,99975.65659580115
2025-11-24 13:13:00-05:00,99970.16672763709
2025-11-24 13:14:00-05:00,99971.60648593787
2025-11-24 13:15:00-05:00,99973.25493032695
2025-11-24 13:16:00-05:00,99973.25493032695
2025-11-24 13:17:00-05:00,99973.25493032695
2025-11-24 13:18:00-05:00,99973.25493032695
2025-11-24 13:19:00-05:00,99973.25493032695
2025-11-24 13:20:00-05:00,99971.66100714653
2025-11-24 13:21:00-05:00,99971.39074347465
2025-11-24 13:22:00-05:00,99970.40087531059
2025-11-24 13:23:00-05:00,99970.09270880668
2025-11-24 13:24:00-05:00,99972.04745112816
2025-11-24 13:25:00-05:00,99972.04745112816
2025-11-24 13:26:00-05:00,99972.04745112816
2025-11-24 13:27:00-05:00,99972.04745112816
2025-11-24 13:28:00-05:00,99972.04745112816
2025-11-24 13:29:00-05:00,99972.04745112816
2025-11-24 13:30:00-05:00,99972.04745112816
2025-11-24 13:31:00-05:00,99972.04745112816
2025-11-24 13:32:00-05:00,99972.04745112816
2025-11-24 13:33:00-05:00,99972.04745112816
2025-11-24 13:34:00-05:00,99972.04745112816
2025-11-24 13:35:00-05:00,99972.04745112816
2025-11-24 13:36:00-05:00,99972.04745112816
2025-11-24 13:37:00-05:00,99972.04745112816
2025-11-24 13:38:00-05:00,99972.04745112816
2025-11-24 13:39:00-05:00,99972.04745112816
2025-11-24 13:40:00-05:00,99972.04745112816
2025-11-24 13:41:00-05:00,99972.04745112816
2025-11-24 13:42:00-05:00,99972.04745112816
2025-11-24 13:43:00-05:00,99972.04745112816
2025-11-24 13:44:00-05:00,99972.04745112816
2025-11-24 13:45:00-05:00,99972.04745112816
2025-11-24 13:46:00-05:00,99972.04745112816
2025-11-24 13:47:00-05:00,99972.04745112816
2025-11-24 13:48:00-05:00,99972.04745112816
2025-11-24 13:49:00-05:00,99972.04745112816
2025-11-24 13:50:00-05:00,99972.04745112816
2025-11-24 13:51:00-05:00,99972.04745112816
2025-11-24 13:52:00-05:00,99972.04745112816
2025-11-24 13:53:00-05:00,99972.04745112816
2025-11-24 13:54:00-05:00,99972.04745112816
2025-11-24 13:55:00-05:00,99972.04745112816
2025-11-24 13:56:00-05:00,99972.04745112816
2025-11-24 13:57:00-05:00,99972.04745112816
2025-11-24 13:58:00-05:00,99972.04745112816
2025-11-24 13:59:00-05:00,99972.04745112816
2025-11-24 14:00:00-05:00,99972.04745112816
2025-11-24 14:01:00-05:00,99972.04745112816
2025-11-24 14:02:00-05:00,99972.04745112816
2025-11-24 14:03:00-05:00,99972.04745112816
2025-11-24 14:04:00-05:00,99972.04745112816
2025-11-24 14:05:00-05:00,99972.04745112816
2025-11-24 14:06:00-05:00,99972.04745112816
2025-11-24 14:07:00-05:00,99972.04745112816
2025-11-24 14:08:00-05:00,99972.04745112816
2025-11-24 14:09:00-05:00,99972.04745112816
2025-11-24 14:10:00-05:00,99972.04745112816
2025-11-24 14:11:00-05:00,99972.04745112816
2025-11-24 14:12:00-05:00,99972.04745112816
2025-11-24 14:13:00-05:00,99972.04745112816
2025-11-24 14:14:00-05:00,99972.04745112816
2025-11-24 14:15:00-05:00,99972.04745112816
2025-11-24 14:16:00-05:00,99972.04745112816
2025-11-24 14:17:00-05:00,99972.04745112816
2025-11-24 14:18:00-05:00,99972.04745112816
2025-11-24 14:19:00-05:00,99972.04745112816
2025-11-24 14:20:00-05:00,99972.04745112816
2025-11-24 14:21:00-05:00,99972.04745112816
2025-11-24 14:22:00-05:00,99972.04745112816
2025-11-24 14:23:00-05:00,99972.04745112816
2025-11-24 14:24:00-05:00,99972.04745112816
2025-11-24 14:25:00-05:00,99972.04745112816
2025-11-24 14:26:00-05:00,99972.04745112816
2025-11-24 14:27:00-05:00,99972.04745112816
2025-11-24 14:28:00-05:00,99972.04745112816
2025-11-24 14:29:00-05:00,99972.04745112816
2025-11-24 14:30:00-05:00,99972.04745112816
2025-11-24 14:31:00-05:00,99972.04745112816
2025-11-24 14:32:00-05:00,99972.04745112816
2025-11-24 14:33:00-05:00,99972.04745112816
2025-11-24 14:34:00-05:00,99972.04745112816
2025-11-24 14:35:00-05:00,99972.04745112816
2025-11-24 14:36:00-05:00,99972.04745112816
2025-11-24 14:37:00-05:00,99972.04745112816
2025-11-24 14:38:00-05:00,99972.04745112816
2025-11-24 14:39:00-05:00,99972.04745112816
2025-11-24 14:40:00-05:00,99972.04745112816
2025-11-24 14:41:00-05:00,99972.04745112816
2025-11-24 14:42:00-05:00,99972.04745112816
2025-11-24 14:43:00-05:00,99972.04745112816
2025-11-24 14:44:00-05:00,99972.04745112816
2025-11-24 14:45:00-05:00,99972.04745112816
2025-11-24 14:46:00-05:00,99972.04745112816
2025-11-24 14:47:00-05:00,99972.04745112816
2025-11-24 14:48:00-05:00,99972.04745112816
2025-11-24 14:49:00-05:00,99972.04745112816
2025-11-24 14:50:00-05:00,99972.04745112816
2025-11-24 14:51:00-05:00,99972.04745112816
2025-11-24 14:52:00-05:00,99972.04745112816
2025-11-24 14:53:00-05:00,99972.04745112816
2025-11-24 14:54:00-05:00,99972.04745112816
2025-11-24 14:55:00-05:00,99972.04745112816
2025-11-24 14:56:00-05:00,99972.04745112816
2025-11-24 14:57:00-05:00,99972.04745112816
2025-11-24 14:58:00-05:00,99972.04745112816
2025-11-24 14:59:00-05:00,99972.04745112816
2025-11-24 15:00:00-05:00,99972.04745112816
2025-11-24 15:01:00-05:00,99972.04745112816
2025-11-24 15:02:00-05:00,99972.04745112816
2025-11-24 15:03:00-05:00,99972.04745112816
2025-11-24 15:04:00-05:00,99972.04745112816
2025-11-24 15:05:00-05:00,99972.04745112816
2025-11-24 15:06:00-05:00,99972.04745112816
2025-11-24 15:07:00-05:00,99972.04745112816
2025-11-24 15:08:00-05:00,99972.04745112816
2025-11-24 15:09:00-05:00,99972.04745112816
2025-11-24 15:10:00-05:00,99972.04745112816
2025-11-24 15:11:00-05:00,99972.04745112816
2025-11-24 15:12:00-05:00,99972.04745112816
2025-11-24 15:13:00-05:00,99972.04745112816
2025-11-24 15:14:00-05:00,99972.04745112816
2025-11-24 15:15:00-05:00,99972.04745112816
2025-11-24 15:16:00-05:00,99972.04745112816
2025-11-24 15:17:00-05:00,99972.04745112816
2025-11-24 15:18:00-05:00,99972.04745112816
2025-11-24 15:19:00-05:00,99970.45221779458
2025-11-24 15:20:00-05:00,99969.99882768039
2025-11-24 15:21:00-05:00,99969.99882768039
2025-11-24 15:22:00-05:00,99969.99882768039
2025-11-24 15:23:00-05:00,99969.99882768039
2025-11-24 15:24:00-05:00,99969.99882768039
2025-11-24 15:25:00-05:00,99969.99882768039
2025-11-24 15:26:00-05:00,99969.99882768039
2025-11-24 15:27:00-05:00,99969.99882768039
2025-11-24 15:28:00-05:00,99969.99882768039
2025-11-24 15:29:00-05:00,99969.99882768039
2025-11-24 15:30:00-05:00,99969.99882768039
2025-11-24 15:31:00-05:00,99969.99882768039
2025-11-24 15:32:00-05:00,99969.99882768039
2025-11-24 15:33:00-05:00,99969.99882768039
2025-11-24 15:34:00-05:00,99969.99882768039
2025-11-24 15:35:00-05:00,99969.99882768039
2025-11-24 15:36:00-05:00,99969.99882768039
2025-11-24 15:37:00-05:00,99969.99882768039
2025-11-24 15:38:00-05:00,99968.40249493837
2025-11-24 15:39:00-05:00,99966.51394513369
2025-11-24 15:40:00-05:00,99965.97396710634
2025-11-24 15:41:00-05:00,99965.99731079166
2025-11-24 15:42:00-05:00,99965.99731079166
2025-11-24 15:43:00-05:00,99965.99731079166
2025-11-24 15:44:00-05:00,99965.99731079166
2025-11-24 15:45:00-05:00,99965.99731079166
2025-11-24 15:46:00-05:00,99965.99731079166
2025-11-24 15:47:00-05:00,99965.99731079166
2025-11-24 15:48:00-05:00,99965.99731079166
2025-11-24 15:49:00-05:00,99965.99731079166
2025-11-24 15:50:00-05:00,99964.40705831558
2025-11-24 15:51:00-05:00,99968.39498386669
2025-11-24 15:52:00-05:00,99966.80712432368
2025-11-24 15:53:00-05:00,99970.7469218019
2025-11-24 15:54:00-05:00,99970.7469218019
2025-11-24 15:55:00-05:00,99970.7469218019
2025-11-24 15:56:00-05:00,99970.7469218019
2025-11-24 15:57:00-05:00,99970.7469218019
2025-11-24 15:58:00-05:00,99970.7469218019
2025-11-24 15:59:00-05:00,99970.7469218019
2025-11-25 09:30:00-05:00,99970.7469218019
2025-11-25 09:31:00-05:00,99970.7469218019
2025-11-25 09:32:00-05:00,99969.22976525025
2025-11-25 09:33:00-05:00,99957.42294151978
2025-11-25 09:34:00-05:00,99967.04055013601
2025-11-25 09:35:00-05:00,99965.51762714061
2025-11-25 09:36:00-05:00,99955.48613299998
2025-11-25 09:37:00-05:00,99953.70250262889
2025-11-25 09:38:00-05:00,99962.974420644
2025-11-25 09:39:00-05:00,99962.974420644
2025-11-25 09:40:00-05:00,99962.974420644
2025-11-25 09:41:00-05:00,99962.974420644
2025-11-25 09:42:00-05:00,99962.974420644
2025-11-25 09:43:00-05:00,99962.974420644
2025-11-25 09:44:00-05:00,99962.974420644
2025-11-25 09:45:00-05:00,99962.974420644
2025-11-25 09:46:00-05:00,99962.974420644
2025-11-25 09:47:00-05:00,99962.974420644
2025-11-25 09:48:00-05:00,99962.974420644
2025-11-25 09:49:00-05:00,99962.974420644
2025-11-25 09:50:00-05:00,99962.974420644
2025-11-25 09:51:00-05:00,99962.974420644
2025-11-25 09:52:00-05:00,99962.974420644
2025-11-25 09:53:00-05:00,99962.974420644
2025-11-25 09:54:00-05:00,99962.974420644
2025-11-25 09:55:00-05:00,99962.974420644
2025-11-25 09:56:00-05:00,99962.974420644
2025-11-25 09:57:00-05:00,99962.974420644
2025-11-25 09:58:00-05:00,99962.974420644
2025-11-25 09:59:00-05:00,99962.974420644
2025-11-25 10:00:00-05:00,99962.974420644
2025-11-25 10:01:00-05:00,99962.974420644
2025-11-25 10:02:00-05:00,99962.974420644
2025-11-25 10:03:00-05:00,99962.974420644
2025-11-25 10:04:00-05:00,99962.974420644
2025-11-25 10:05:00-05:00,99962.974420644
2025-11-25 10:06:00-05:00,99962.974420644
2025-11-25 10:07:00-05:00,99962.974420644
2025-11-25 10:08:00-05:00,99962.974420644
2025-11-25 10:09:00-05:00,99962.974420644
2025-11-25 10:10:00-05:00,99962.974420644
2025-11-25 10:11:00-05:00,99962.974420644
2025-11-25 10:12:00-05:00,99962.974420644
2025-11-25 10:13:00-05:00,99962.974420644
2025-11-25 10:14:00-05:00,99962.974420644
2025-11-25 10:15:00-05:00,99962.974420644
2025-11-25 10:16:00-05:00,99962.974420644
2025-11-25 10:17:00-05:00,99962.974420644
2025-11-25 10:18:00-05:00,99962.974420644
2025-11-25 10:19:00-05:00,99962.974420644
2025-11-25 10:20:00-05:00,99962.974420644
2025-11-25 10:21:00-05:00,99962.974420644
2025-11-25 10:22:00-05:00,99962.974420644
2025-11-25 10:23:00-05:00,99962.974420644
2025-11-25 10:24:00-05:00,99962.974420644
2025-11-25 10:25:00-05:00,99962.974420644
2025-11-25 10:26:00-05:00,99962.974420644
2025-11-25 10:27:00-05:00,99962.974420644
2025-11-25 10:28:00-05:00,99962.974420644
2025-11-25 10:29:00-05:00,99962.974420644
2025-11-25 10:30:00-05:00,99962.974420644
2025-11-25 10:31:00-05:00,99962.974420644
2025-11-25 10:32:00-05:00,99962.974420644
2025-11-25 10:33:00-05:00,99962.974420644
2025-11-25 10:34:00-05:00,99962.974420644
2025-11-25 10:35:00-05:00,99962.974420644
2025-11-25 10:36:00-05:00,99962.974420644
2025-11-25 10:37:00-05:00,99962.974420644
2025-11-25 10:38:00-05:00,99962.974420644
2025-11-25 10:39:00-05:00,99962.974420644
2025-11-25 10:40:00-05:00,99962.974420644
2025-11-25 10:41:00-05:00,99962.974420644
2025-11-25 10:42:00-05:00,99962.974420644
2025-11-25 10:43:00-05:00,99962.974420644
2025-11-25 10:44:00-05:00,99962.974420644
2025-11-25 10:45:00-05:00,99962.974420644
2025-11-25 10:46:00-05:00,99962.974420644
2025-11-25 10:47:00-05:00,99962.974420644
2025-11-25 10:48:00-05:00,99962.974420644
2025-11-25 10:49:00-05:00,99962.974420644
2025-11-25 10:50:00-05:00,99962.974420644
2025-11-25 10:51:00-05:00,99962.974420644
2025-11-25 10:52:00-05:00,99962.974420644
2025-11-25 10:53:00-05:00,99962.974420644
2025-11-25 10:54:00-05:00,99962.974420644
2025-11-25 10:55:00-05:00,99962.974420644
2025-11-25 10:56:00-05:00,99962.974420644
2025-11-25 10:57:00-05:00,99962.974420644
2025-11-25 10:58:00-05:00,99962.974420644
2025-11-25 10:59:00-05:00,99962.974420644
2025-11-25 11:00:00-05:00,99962.974420644
2025-11-25 11:01:00-05:00,99962.974420644
2025-11-25 11:02:00-05:00,99962.974420644
2025-11-25 11:03:00-05:00,99962.974420644
2025-11-25 11:04:00-05:00,99962.974420644
2025-11-25 11:05:00-05:00,99962.974420644
2025-11-25 11:06:00-05:00,99962.974420644
2025-11-25 11:07:00-05:00,99962.974420644
2025-11-25 11:08:00-05:00,99962.974420644
2025-11-25 11:09:00-05:00,99962.974420644
2025-11-25 11:10:00-05:00,99962.974420644
2025-11-25 11:11:00-05:00,99962.974420644
2025-11-25 11:12:00-05:00,99962.974420644
2025-11-25 11:13:00-05:00,99962.974420644
2025-11-25 11:14:00-05:00,99962.974420644
2025-11-25 11:15:00-05:00,99962.974420644
2025-11-25 11:16:00-05:00,99962.974420644
2025-11-25 11:17:00-05:00,99962.974420644
2025-11-25 11:18:00-05:00,99962.974420644
2025-11-25 11:19:00-05:00,99962.974420644
2025-11-25 11:20:00-05:00,99962.974420644
2025-11-25 11:21:00-05:00,99962.974420644
2025-11-25 11:22:00-05:00,99962.974420644
2025-11-25 11:23:00-05:00,99962.974420644
2025-11-25 11:24:00-05:00,99962.974420644
2025-11-25 11:25:00-05:00,99962.974420644
2025-11-25 11:26:00-05:00,99962.974420644
2025-11-25 11:27:00-05:00,99962.974420644
2025-11-25 11:28:00-05:00,99962.974420644
2025-11-25 11:29:00-05:00,99961.46092329286
2025-11-25 11:30:00-05:00,99961.12111006044
2025-11-25 11:31:00-05:00,99960.28764952775
2025-11-25 11:32:00-05:00,99960.28764952775
2025-11-25 11:33:00-05:00,99960.28764952775
2025-11-25 11:34:00-05:00,99960.28764952775
2025-11-25 11:35:00-05:00,99960.28764952775
2025-11-25 11:36:00-05:00,99958.68569634242
2025-11-25 11:37:00-05:00,99958.3539071438
2025-11-25 11:38:00-05:00,99958.3539071438
2025-11-25 11:39:00-05:00,99958.3539071438
2025-11-25 11:40:00-05:00,99958.3539071438
2025-11-25 11:41:00-05:00,99958.3539071438
2025-11-25 11:42:00-05:00,99958.3539071438
2025-11-25 11:43:00-05:00,99958.3539071438
2025-11-25 11:44:00-05:00,99958.3539071438
2025-11-25 11:45:00-05:00,99958.3539071438
2025-11-25 11:46:00-05:00,99958.3539071438
2025-11-25 11:47:00-05:00,99958.3539071438
2025-11-25 11:48:00-05:00,99958.3539071438
2025-11-25 11:49:00-05:00,99958.3539071438
2025-11-25 11:50:00-05:00,99958.3539071438
2025-11-25 11:51:00-05:00,99958.3539071438
2025-11-25 11:52:00-05:00,99958.3539071438
2025-11-25 11:53:00-05:00,99958.3539071438
2025-11-25 11:54:00-05:00,99958.3539071438
2025-11-25 11:55:00-05:00,99958.3539071438
2025-11-25 11:56:00-05:00,99958.3539071438
2025-11-25 11:57:00-05:00,99958.3539071438
2025-11-25 11:58:00-05:00,99956.83580533313
2025-11-25 11:59:00-05:00,99955.65762503482
2025-11-25 12:00:00-05:00,99955.65762503482
2025-11-25 12:01:00-05:00,99955.65762503482
2025-11-25 12:02:00-05:00,99955.65762503482
2025-11-25 12:03:00-05:00,99955.65762503482
2025-11-25 12:04:00-05:00,99955.65762503482
2025-11-25 12:05:00-05:00,99955.65762503482
2025-11-25 12:06:00-05:00,99955.65762503482
2025-11-25 12:07:00-05:00,99955.65762503482
2025-11-25 12:08:00-05:00,99955.65762503482
2025-11-25 12:09:00-05:00,99955.65762503482
2025-11-25 12:10:00-05:00,99955.65762503482
2025-11-25 12:11:00-05:00,99955.65762503482
2025-11-25 12:12:00-05:00,99954.13806053581
2025-11-25 12:13:00-05:00,99954.14944025276
2025-11-25 12:14:00-05:00,99954.14944025276
2025-11-25 12:15:00-05:00,99954.14944025276
2025-11-25 12:16:00-05:00,99954.14944025276
2025-11-25 12:17:00-05:00,99954.14944025276
2025-11-25 12:18:00-05:00,99954.14944025276
2025-11-25 12:19:00-05:00,99954.14944025276
2025-11-25 12:20:00-05:00,99954.14944025276
2025-11-25 12:21:00-05:00,99954.14944025276
2025-11-25 12:22:00-05:00,99954.14944025276
2025-11-25 12:23:00-05:00,99954.14944025276
2025-11-25 12:24:00-05:00,99954.14944025276
2025-11-25 12:25:00-05:00,99952.62835851217
2025-11-25 12:26:00-05:00,99952.37518468405
2025-11-25 12:27:00-05:00,99952.9702469399
2025-11-25 12:28:00-05:00,99951.9594158911
2025-11-25 12:29:00-05:00,99951.9594158911
2025-11-25 12:30:00-05:00,99951.9594158911
2025-11-25 12:31:00-05:00,99951.9594158911
2025-11-25 12:32:00-05:00,99951.9594158911
2025-11-25 12:33:00-05:00,99951.9594158911
2025-11-25 12:34:00-05:00,99951.9594158911
2025-11-25 12:35:00-05:00,99951.9594158911
2025-11-25 12:36:00-05:00,99951.9594158911
2025-11-25 12:37:00-05:00,99951.9594158911
2025-11-25 12:38:00-05:00,99951.9594158911
2025-11-25 12:39:00-05:00,99951.9594158911
2025-11-25 12:40:00-05:00,99951.9594158911
2025-11-25 12:41:00-05:00,99951.9594158911
2025-11-25 12:42:00-05:00,99951.9594158911
2025-11-25 12:43:00-05:00,99951.9594158911
2025-11-25 12:44:00-05:00,99951.9594158911
2025-11-25 12:45:00-05:00,99951.9594158911
2025-11-25 12:46:00-05:00,99951.9594158911
2025-11-25 12:47:00-05:00,99951.9594158911
2025-11-25 12:48:00-05:00,99951.9594158911
2025-11-25 12:49:00-05:00,99951.9594158911
2025-11-25 12:50:00-05:00,99951.9594158911
2025-11-25 12:51:00-05:00,99951.9594158911
2025-11-25 12:52:00-05:00,99951.9594158911
2025-11-25 12:53:00-05:00,99951.9594158911
2025-11-25 12:54:00-05:00,99951.9594158911
2025-11-25 12:55:00-05:00,99951.9594158911
2025-11-25 12:56:00-05:00,99951.9594158911
2025-11-25 12:57:00-05:00,99951.9594158911
2025-11-25 12:58:00-05:00,99950.44169330817
2025-11-25 12:59:00-05:00,99949.08192157965
2025-11-25 13:00:00-05:00,99948.23212909918
2025-11-25 13:01:00-05:00,99949.60389926372
2025-11-25 13:02:00-05:00,99949.60389926372
2025-11-25 13:03:00-05:00,99949.60389926372
2025-11-25 13:04:00-05:00,99948.08742247862
2025-11-25 13:05:00-05:00,99947.06746398253
2025-11-25 13:06:00-05:00,99946.6425677423
2025-11-25 13:07:00-05:00,99947.7606909775
2025-11-25 13:08:00-05:00,99947.7606909775
2025-11-25 13:09:00-05:00,99947.7606909775
2025-11-25 13:10:00-05:00,99947.7606909775
2025-11-25 13:11:00-05:00,99947.7606909775
2025-11-25 13:12:00-05:00,99947.7606909775
2025-11-25 13:13:00-05:00,99947.7606909775
2025-11-25 13:14:00-05:00,99947.7606909775
2025-11-25 13:15:00-05:00,99947.7606909775
2025-11-25 13:16:00-05:00,99947.7606909775
2025-11-25 13:17:00-05:00,99947.7606909775
2025-11-25 13:18:00-05:00,99947.7606909775
2025-11-25 13:19:00-05:00,99947.7606909775
2025-11-25 13:20:00-05:00,99947.7606909775
2025-11-25 13:21:00-05:00,99947.7606909775
2025-11-25 13:22:00-05:00,99947.7606909775
2025-11-25 13:23:00-05:00,99947.7606909775
2025-11-25 13:24:00-05:00,99947.7606909775
2025-11-25 13:25:00-05:00,99947.7606909775
2025-11-25 13:26:00-05:00,99947.7606909775
2025-11-25 13:27:00-05:00,99947.7606909775
2025-11-25 13:28:00-05:00,99947.7606909775
2025-11-25 13:29:00-05:00,99947.7606909775
2025-11-25 13:30:00-05:00,99947.7606909775
2025-11-25 13:31:00-05:00,99947.7606909775
2025-11-25 13:32:00-05:00,99947.7606909775
2025-11-25 13:33:00-05:00,99947.7606909775
2025-11-25 13:34:00-05:00,99947.7606909775
2025-11-25 13:35:00-05:00,99947.7606909775
2025-11-25 13:36:00-05:00,99947.7606909775
2025-11-25 13:37:00-05:00,99947.7606909775
2025-11-25 13:38:00-05:00,99947.7606909775
2025-11-25 13:39:00-05:00,99947.7606909775
2025-11-25 13:40:00-05:00,99947.7606909775
2025-11-25 13:41:00-05:00,99947.7606909775
2025-11-25 13:42:00-05:00,99947.7606909775
2025-11-25 13:43:00-05:00,99947.7606909775
2025-11-25 13:44:00-05:00,99947.7606909775
2025-11-25 13:45:00-05:00,99947.7606909775
2025-11-25 13:46:00-05:00,99947.7606909775
2025-11-25 13:47:00-05:00,99947.7606909775
2025-11-25 13:48:00-05:00,99947.7606909775
2025-11-25 13:49:00-05:00,99947.7606909775
2025-11-25 13:50:00-05:00,99947.7606909775
2025-11-25 13:51:00-05:00,99947.7606909775
2025-11-25 13:52:00-05:00,99947.7606909775
2025-11-25 13:53:00-05:00,99947.7606909775
2025-11-25 13:54:00-05:00,99947.7606909775
2025-11-25 13:55:00-05:00,99947.7606909775
2025-11-25 13:56:00-05:00,99947.7606909775
2025-11-25 13:57:00-05:00,99947.7606909775
2025-11-25 13:58:00-05:00,99947.7606909775
2025-11-25 13:59:00-05:00,99947.7606909775
2025-11-25 14:00:00-05:00,99946.24537882162
2025-11-25 14:01:00-05:00,99946.50374063803
2025-11-25 14:02:00-05:00,99945.49453246722
2025-11-25 14:03:00-05:00,99943.97995165549
2025-11-25 14:04:00-05:00,99941.9400346633
2025-11-25 14:05:00-05:00,99941.60022143088
2025-11-25 14:06:00-05:00,99942.27984789573
2025-11-25 14:07:00-05:00,99943.13015917502
2025-11-25 14:08:00-05:00,99943.04507616721
2025-11-25 14:09:00-05:00,99942.12566589129
2025-11-25 14:10:00-05:00,99942.12566589129
2025-11-25 14:11:00-05:00,99942.12566589129
2025-11-25 14:12:00-05:00,99942.12566589129
2025-11-25 14:13:00-05:00,99942.12566589129
2025-11-25 14:14:00-05:00,99942.12566589129
2025-11-25 14:15:00-05:00,99942.12566589129
2025-11-25 14:16:00-05:00,99942.12566589129
2025-11-25 14:17:00-05:00,99942.12566589129
2025-11-25 14:18:00-05:00,99942.12566589129
2025-11-25 14:19:00-05:00,99942.12566589129
2025-11-25 14:20:00-05:00,99942.12566589129
2025-11-25 14:21:00-05:00,99942.12566589129
2025-11-25 14:22:00-05:00,99942.12566589129
2025-11-25 14:23:00-05:00,99942.12566589129
2025-11-25 14:24:00-05:00,99942.12566589129
2025-11-25 14:25:00-05:00,99942.12566589129
2025-11-25 14:26:00-05:00,99942.12566589129
2025-11-25 14:27:00-05:00,99942.12566589129
2025-11-25 14:28:00-05:00,99942.12566589129
2025-11-25 14:29:00-05:00,99942.12566589129
2025-11-25 14:30:00-05:00,99942.12566589129
2025-11-25 14:31:00-05:00,99942.12566589129
2025-11-25 14:32:00-05:00,99942.12566589129
2025-11-25 14:33:00-05:00,99942.12566589129
2025-11-25 14:34:00-05:00,99942.12566589129
2025-11-25 14:35:00-05:00,99942.12566589129
2025-11-25 14:36:00-05:00,99940.52377011815
2025-11-25 14:37:00-05:00,99939.19150275722
2025-11-25 14:38:00-05:00,99939.19150275722
2025-11-25 14:39:00-05:00,99939.19150275722
2025-11-25 14:40:00-05:00,99939.19150275722
2025-11-25 14:41:00-05:00,99939.19150275722
2025-11-25 14:42:00-05:00,99939.19150275722
2025-11-25 14:43:00-05:00,99939.19150275722
2025-11-25 14:44:00-05:00,99939.19150275722
2025-11-25 14:45:00-05:00,99939.19150275722
2025-11-25 14:46:00-05:00,99939.19150275722
2025-11-25 14:47:00-05:00,99939.19150275722
2025-11-25 14:48:00-05:00,99939.19150275722
2025-11-25 14:49:00-05:00,99939.19150275722
2025-11-25 14:50:00-05:00,99939.19150275722
2025-11-25 14:51:00-05:00,99939.19150275722
2025-11-25 14:52:00-05:00,99939.19150275722
2025-11-25 14:53:00-05:00,99939.19150275722
2025-11-25 14:54:00-05:00,99939.19150275722
2025-11-25 14:55:00-05:00,99939.19150275722
2025-11-25 14:56:00-05:00,99939.19150275722
2025-11-25 14:57:00-05:00,99939.19150275722
2025-11-25 14:58:00-05:00,99939.19150275722
2025-11-25 14:59:00-05:00,99937.5908114148
2025-11-25 15:00:00-05:00,99940.67045196111
2025-11-25 15:01:00-05:00,99940.67045196111
2025-11-25 15:02:00-05:00,99940.67045196111
2025-11-25 15:03:00-05:00,99940.67045196111
2025-11-25 15:04:00-05:00,99940.67045196111
2025-11-25 15:05:00-05:00,99940.67045196111
2025-11-25 15:06:00-05:00,99940.67045196111
2025-11-25 15:07:00-05:00,99940.67045196111
2025-11-25 15:08:00-05:00,99940.67045196111
2025-11-25 15:09:00-05:00,99940.67045196111
2025-11-25 15:10:00-05:00,99940.67045196111
2025-11-25 15:11:00-05:00,99940.67045196111
2025-11-25 15:12:00-05:00,99940.67045196111
2025-11-25 15:13:00-05:00,99940.67045196111
2025-11-25 15:14:00-05:00,99940.67045196111
2025-11-25 15:15:00-05:00,99940.67045196111
2025-11-25 15:16:00-05:00,99940.67045196111
2025-11-25 15:17:00-05:00,99940.67045196111
2025-11-25 15:18:00-05:00,99940.67045196111
2025-11-25 15:19:00-05:00,99940.67045196111
2025-11-25 15:20:00-05:00,99940.67045196111
2025-11-25 15:21:00-05:00,99940.67045196111
2025-11-25 15:22:00-05:00,99940.67045196111
2025-11-25 15:23:00-05:00,99940.67045196111
2025-11-25 15:24:00-05:00,99940.67045196111
2025-11-25 15:25:00-05:00,99940.67045196111
2025-11-25 15:26:00-05:00,99940.67045196111
2025-11-25 15:27:00-05:00,99940.67045196111
2025-11-25 15:28:00-05:00,99940.67045196111
2025-11-25 15:29:00-05:00,99940.67045196111
2025-11-25 15:30:00-05:00,99940.67045196111
2025-11-25 15:31:00-05:00,99940.67045196111
2025-11-25 15:32:00-05:00,99940.67045196111
2025-11-25 15:33:00-05:00,99940.67045196111
2025-11-25 15:34:00-05:00,99940.67045196111
2025-11-25 15:35:00-05:00,99940.67045196111
2025-11-25 15:36:00-05:00,99939.07064963244
2025-11-25 15:37:00-05:00,99939.00747824572
2025-11-25 15:38:00-05:00,99940.07981794831
2025-11-25 15:39:00-05:00,99940.07981794831
2025-11-25 15:40:00-05:00,99940.07981794831
2025-11-25 15:41:00-05:00,99940.07981794831
2025-11-25 15:42:00-05:00,99940.07981794831
2025-11-25 15:43:00-05:00,99940.07981794831
2025-11-25 15:44:00-05:00,99940.07981794831
2025-11-25 15:45:00-05:00,99940.07981794831
2025-11-25 15:46:00-05:00,99940.07981794831
2025-11-25 15:47:00-05:00,99940.07981794831
2025-11-25 15:48:00-05:00,99940.07981794831
2025-11-25 15:49:00-05:00,99940.07981794831
2025-11-25 15:50:00-05:00,99940.07981794831
2025-11-25 15:51:00-05:00,99940.07981794831
2025-11-25 15:52:00-05:00,99940.07981794831
2025-11-25 15:53:00-05:00,99940.07981794831
2025-11-25 15:54:00-05:00,99940.07981794831
2025-11-25 15:55:00-05:00,99940.07981794831
2025-11-25 15:56:00-05:00,99940.07981794831
2025-11-25 15:57:00-05:00,99940.07981794831
2025-11-25 15:58:00-05:00,99940.07981794831
2025-11-25 15:59:00-05:00,99940.07981794831
2025-11-26 09:30:00-05:00,99940.07981794831
2025-11-26 09:31:00-05:00,99938.56047017449
2025-11-26 09:32:00-05:00,99943.33304364617
2025-11-26 09:33:00-05:00,99943.33304364617
2025-11-26 09:34:00-05:00,99943.33304364617
2025-11-26 09:35:00-05:00,99943.33304364617
2025-11-26 09:36:00-05:00,99943.33304364617
2025-11-26 09:37:00-05:00,99943.33304364617
2025-11-26 09:38:00-05:00,99943.33304364617
2025-11-26 09:39:00-05:00,99943.33304364617
2025-11-26 09:40:00-05:00,99943.33304364617
2025-11-26 09:41:00-05:00,99943.33304364617
2025-11-26 09:42:00-05:00,99943.33304364617
2025-11-26 09:43:00-05:00,99943.33304364617
2025-11-26 09:44:00-05:00,99943.33304364617
2025-11-26 09:45:00-05:00,99943.33304364617
2025-11-26 09:46:00-05:00,99943.33304364617
2025-11-26 09:47:00-05:00,99943.33304364617
2025-11-26 09:48:00-05:00,99943.33304364617
2025-11-26 09:49:00-05:00,99943.33304364617
2025-11-26 09:50:00-05:00,99943.33304364617
2025-11-26 09:51:00-05:00,99943.33304364617
2025-11-26 09:52:00-05:00,99943.33304364617
2025-11-26 09:53:00-05:00,99943.33304364617
2025-11-26 09:54:00-05:00,99943.33304364617
2025-11-26 09:55:00-05:00,99943.33304364617
2025-11-26 09:56:00-05:00,99943.33304364617
2025-11-26 09:57:00-05:00,99943.33304364617
2025-11-26 09:58:00-05:00,99943.33304364617
2025-11-26 09:59:00-05:00,99943.33304364617
2025-11-26 10:00:00-05:00,99943.33304364617
2025-11-26 10:01:00-05:00,99943.33304364617
2025-11-26 10:02:00-05:00,99943.33304364617
2025-11-26 10:03:00-05:00,99943.33304364617
2025-11-26 10:04:00-05:00,99943.33304364617
2025-11-26 10:05:00-05:00,99943.33304364617
2025-11-26 10:06:00-05:00,99943.33304364617
2025-11-26 10:07:00-05:00,99943.33304364617
2025-11-26 10:08:00-05:00,99943.33304364617
2025-11-26 10:09:00-05:00,99943.33304364617
2025-11-26 10:10:00-05:00,99943.33304364617
2025-11-26 10:11:00-05:00,99943.33304364617
2025-11-26 10:12:00-05:00,99943.33304364617
2025-11-26 10:13:00-05:00,99943.33304364617
2025-11-26 10:14:00-05:00,99943.33304364617
2025-11-26 10:15:00-05:00,99943.33304364617
2025-11-26 10:16:00-05:00,99943.33304364617
2025-11-26 10:17:00-05:00,99943.33304364617
2025-11-26 10:18:00-05:00,99943.33304364617
2025-11-26 10:19:00-05:00,99943.33304364617
2025-11-26 10:20:00-05:00,99943.33304364617
2025-11-26 10:21:00-05:00,99943.33304364617
2025-11-26 10:22:00-05:00,99943.33304364617
2025-11-26 10:23:00-05:00,99943.33304364617
2025-11-26 10:24:00-05:00,99943.33304364617
2025-11-26 10:25:00-05:00,99943.33304364617
2025-11-26 10:26:00-05:00,99943.33304364617
2025-11-26 10:27:00-05:00,99943.33304364617
2025-11-26 10:28:00-05:00,99943.33304364617
2025-11-26 10:29:00-05:00,99943.33304364617
2025-11-26 10:30:00-05:00,99943.33304364617
2025-11-26 10:31:00-05:00,99943.33304364617
2025-11-26 10:32:00-05:00,99943.33304364617
2025-11-26 10:33:00-05:00,99943.33304364617
2025-11-26 10:34:00-05:00,99943.33304364617
2025-11-26 10:35:00-05:00,99943.33304364617
2025-11-26 10:36:00-05:00,99943.33304364617
2025-11-26 10:37:00-05:00,99943.33304364617
2025-11-26 10:38:00-05:00,99943.33304364617
2025-11-26 10:39:00-05:00,99943.33304364617
2025-11-26 10:40:00-05:00,99943.33304364617
2025-11-26 10:41:00-05:00,99943.33304364617
2025-11-26 10:42:00-05:00,99943.33304364617
2025-11-26 10:43:00-05:00,99943.33304364617
2025-11-26 10:44:00-05:00,99943.33304364617
2025-11-26 10:45:00-05:00,99943.33304364617
2025-11-26 10:46:00-05:00,99943.33304364617
2025-11-26 10:47:00-05:00,99943.33304364617
2025-11-26 10:48:00-05:00,99943.33304364617
2025-11-26 10:49:00-05:00,99943.33304364617
2025-11-26 10:50:00-05:00,99943.33304364617
2025-11-26 10:51:00-05:00,99943.33304364617
2025-11-26 10:52:00-05:00,99943.33304364617
2025-11-26 10:53:00-05:00,99943.33304364617
2025-11-26 10:54:00-05:00,99943.33304364617
2025-11-26 10:55:00-05:00,99943.33304364617
2025-11-26 10:56:00-05:00,99943.33304364617
2025-11-26 10:57:00-05:00,99943.33304364617
2025-11-26 10:58:00-05:00,99941.81754683581
2025-11-26 10:59:00-05:00,99942.32756706777
2025-11-26 11:00:00-05:00,99942.32756706777
2025-11-26 11:01:00-05:00,99942.32756706777
2025-11-26 11:02:00-05:00,99942.32756706777
2025-11-26 11:03:00-05:00,99942.32756706777
2025-11-26 11:04:00-05:00,99942.32756706777
2025-11-26 11:05:00-05:00,99942.32756706777
2025-11-26 11:06:00-05:00,99942.32756706777
2025-11-26 11:07:00-05:00,99942.32756706777
2025-11-26 11:08:00-05:00,99942.32756706777
2025-11-26 11:09:00-05:00,99942.32756706777
2025-11-26 11:10:00-05:00,99940.81114500124
2025-11-26 11:11:00-05:00,99940.80803220827
2025-11-26 11:12:00-05:00,99938.78834837038
2025-11-26 11:13:00-05:00,99937.78032224733
2025-11-26 11:14:00-05:00,99937.0695678528
2025-11-26 11:15:00-05:00,99935.7009765442
2025-11-26 11:16:00-05:00,99937.57799070436
2025-11-26 11:17:00-05:00,99936.89940183717
2025-11-26 11:18:00-05:00,99936.3557006653
2025-11-26 11:19:00-05:00,99935.87944334108
2025-11-26 11:20:00-05:00,99935.70927732546
2025-11-26 11:21:00-05:00,99932.64940183717
2025-11-26 11:22:00-05:00,99932.63072507936
2025-11-26 11:23:00-05:00,99931.62944334108
2025-11-26 11:24:00-05:00,99929.44996946413
2025-11-26 11:25:00-05:00,99928.98616331178
2025-11-26 11:26:00-05:00,99929.24971311647
2025-11-26 11:27:00-05:00,99929.24971311647
2025-11-26 11:28:00-05:00,99929.92933958131
2025-11-26 11:29:00-05:00,99929.92778318483
2025-11-26 11:30:00-05:00,99929.7701740549
2025-11-26 11:31:00-05:00,99929.7701740549
2025-11-26 11:32:00-05:00,99928.2505017719
2025-11-26 11:33:00-05:00,99927.39915289494
2025-11-26 11:34:00-05:00,99926.8891736469
2025-11-26 11:35:00-05:00,99925.62901129338
2025-11-26 11:36:00-05:00,99924.93382086369
2025-11-26 11:37:00-05:00,99925.35871710393
2025-11-26 11:38:00-05:00,99926.04891060761
2025-11-26 11:39:00-05:00,99926.04891060761
2025-11-26 11:40:00-05:00,99926.04891060761
2025-11-26 11:41:00-05:00,99924.52766752166
2025-11-26 11:42:00-05:00,99922.7409243576
2025-11-26 11:43:00-05:00,99921.49632596892
2025-11-26 11:44:00-05:00,99921.63380765838
2025-11-26 11:45:00-05:00,99921.63588285369
2025-11-26 11:46:00-05:00,99921.29555082244
2025-11-26 11:47:00-05:00,99921.29399442596
2025-11-26 11:48:00-05:00,99921.12590360564
2025-11-26 11:49:00-05:00,99920.13292264861
2025-11-26 11:50:00-05:00,99921.1557983089
2025-11-26 11:51:00-05:00,99921.1557983089
2025-11-26 11:52:00-05:00,99921.1557983089
2025-11-26 11:53:00-05:00,99921.1557983089
2025-11-26 11:54:00-05:00,99921.1557983089
2025-11-26 11:55:00-05:00,99921.1557983089
2025-11-26 11:56:00-05:00,99921.1557983089
2025-11-26 11:57:00-05:00,99921.1557983089
2025-11-26 11:58:00-05:00,99921.1557983089
2025-11-26 11:59:00-05:00,99921.1557983089
2025-11-26 12:00:00-05:00,99921.1557983089
2025-11-26 12:01:00-05:00,99921.1557983089
2025-11-26 12:02:00-05:00,99921.1557983089
2025-11-26 12:03:00-05:00,99921.1557983089
2025-11-26 12:04:00-05:00,99921.1557983089
2025-11-26 12:05:00-05:00,99921.1557983089
2025-11-26 12:06:00-05:00,99921.1557983089
2025-11-26 12:07:00-05:00,99921.1557983089
2025-11-26 12:08:00-05:00,99921.1557983089
2025-11-26 12:09:00-05:00,99921.1557983089
2025-11-26 12:10:00-05:00,99921.1557983089
2025-11-26 12:11:00-05:00,99921.1557983089
2025-11-26 12:12:00-05:00,99921.1557983089
2025-11-26 12:13:00-05:00,99921.1557983089
2025-11-26 12:14:00-05:00,99921.1557983089
2025-11-26 12:15:00-05:00,99921.1557983089
2025-11-26 12:16:00-05:00,99921.1557983089
2025-11-26 12:17:00-05:00,99921.1557983089
2025-11-26 12:18:00-05:00,99921.1557983089
2025-11-26 12:19:00-05:00,99921.1557983089
2025-11-26 12:20:00-05:00,99921.1557983089
2025-11-26 12:21:00-05:00,99921.1557983089
2025-11-26 12:22:00-05:00,99921.1557983089
2025-11-26 12:23:00-05:00,99921.1557983089
2025-11-26 12:24:00-05:00,99921.1557983089
2025-11-26 12:25:00-05:00,99921.1557983089
2025-11-26 12:26:00-05:00,99921.1557983089
2025-11-26 12:27:00-05:00,99921.1557983089
2025-11-26 12:28:00-05:00,99921.1557983089
2025-11-26 12:29:00-05:00,99921.1557983089
2025-11-26 12:30:00-05:00,99921.1557983089
2025-11-26 12:31:00-05:00,99921.1557983089
2025-11-26 12:32:00-05:00,99921.1557983089
2025-11-26 12:33:00-05:00,99921.1557983089
2025-11-26 12:34:00-05:00,99921.1557983089
2025-11-26 12:35:00-05:00,99921.1557983089
2025-11-26 12:36:00-05:00,99921.1557983089
2025-11-26 12:37:00-05:00,99921.1557983089
2025-11-26 12:38:00-05:00,99921.1557983089
2025-11-26 12:39:00-05:00,99921.1557983089
2025-11-26 12:40:00-05:00,99921.1557983089
2025-11-26 12:41:00-05:00,99921.1557983089
2025-11-26 12:42:00-05:00,99921.1557983089
2025-11-26 12:43:00-05:00,99921.1557983089
2025-11-26 12:44:00-05:00,99921.1557983089
2025-11-26 12:45:00-05:00,99921.1557983089
2025-11-26 12:46:00-05:00,99921.1557983089
2025-11-26 12:47:00-05:00,99921.1557983089
2025-11-26 12:48:00-05:00,99921.1557983089
2025-11-26 12:49:00-05:00,99921.1557983089
2025-11-26 12:50:00-05:00,99921.1557983089
2025-11-26 12:51:00-05:00,99921.1557983089
2025-11-26 12:52:00-05:00,99921.1557983089
2025-11-26 12:53:00-05:00,99921.1557983089
2025-11-26 12:54:00-05:00,99921.1557983089
2025-11-26 12:55:00-05:00,99921.1557983089
2025-11-26 12:56:00-05:00,99921.1557983089
2025-11-26 12:57:00-05:00,99921.1557983089
2025-11-26 12:58:00-05:00,99921.1557983089
2025-11-26 12:59:00-05:00,99921.1557983089
2025-11-26 13:00:00-05:00,99921.1557983089
2025-11-26 13:01:00-05:00,99921.1557983089
2025-11-26 13:02:00-05:00,99921.1557983089
2025-11-26 13:03:00-05:00,99921.1557983089
2025-11-26 13:04:00-05:00,99921.1557983089
2025-11-26 13:05:00-05:00,99921.1557983089
2025-11-26 13:06:00-05:00,99921.1557983089
2025-11-26 13:07:00-05:00,99921.1557983089
2025-11-26 13:08:00-05:00,99921.1557983089
2025-11-26 13:09:00-05:00,99919.63867151357
2025-11-26 13:10:00-05:00,99916.6638790331
2025-11-26 13:11:00-05:00,99914.7085262499
2025-11-26 13:12:00-05:00,99916.93179943427
2025-11-26 13:13:00-05:00,99916.93179943427
2025-11-26 13:14:00-05:00,99916.93179943427
2025-11-26 13:15:00-05:00,99916.93179943427
2025-11-26 13:16:00-05:00,99916.93179943427
2025-11-26 13:17:00-05:00,99916.93179943427
2025-11-26 13:18:00-05:00,99916.93179943427
2025-11-26 13:19:00-05:00,99916.93179943427
2025-11-26 13:20:00-05:00,99916.93179943427
2025-11-26 13:21:00-05:00,99916.93179943427
2025-11-26 13:22:00-05:00,99916.93179943427
2025-11-26 13:23:00-05:00,99916.93179943427
2025-11-26 13:24:00-05:00,99916.93179943427
2025-11-26 13:25:00-05:00,99916.93179943427
2025-11-26 13:26:00-05:00,99916.93179943427
2025-11-26 13:27:00-05:00,99916.93179943427
2025-11-26 13:28:00-05:00,99916.93179943427
2025-11-26 13:29:00-05:00,99916.93179943427
2025-11-26 13:30:00-05:00,99916.93179943427
2025-11-26 13:31:00-05:00,99916.93179943427
2025-11-26 13:32:00-05:00,99916.93179943427
2025-11-26 13:33:00-05:00,99916.93179943427
2025-11-26 13:34:00-05:00,99916.93179943427
2025-11-26 13:35:00-05:00,99916.93179943427
2025-11-26 13:36:00-05:00,99916.93179943427
2025-11-26 13:37:00-05:00,99915.41673111488
2025-11-26 13:38:00-05:00,99916.45074652294
2025-11-26 13:39:00-05:00,99916.45074652294
2025-11-26 13:40:00-05:00,99916.45074652294
2025-11-26 13:41:00-05:00,99916.45074652294
2025-11-26 13:42:00-05:00,99916.45074652294
2025-11-26 13:43:00-05:00,99916.45074652294
2025-11-26 13:44:00-05:00,99916.45074652294
2025-11-26 13:45:00-05:00,99916.45074652294
2025-11-26 13:46:00-05:00,99916.45074652294
2025-11-26 13:47:00-05:00,99916.45074652294
2025-11-26 13:48:00-05:00,99916.45074652294
2025-11-26 13:49:00-05:00,99916.45074652294
2025-11-26 13:50:00-05:00,99916.45074652294
2025-11-26 13:51:00-05:00,99916.45074652294
2025-11-26 13:52:00-05:00,99916.45074652294
2025-11-26 13:53:00-05:00,99916.45074652294
2025-11-26 13:54:00-05:00,99916.45074652294
2025-11-26 13:55:00-05:00,99916.45074652294
2025-11-26 13:56:00-05:00,99916.45074652294
2025-11-26 13:57:00-05:00,99916.45074652294
2025-11-26 13:58:00-05:00,99916.45074652294
2025-11-26 13:59:00-05:00,99916.45074652294
2025-11-26 14:00:00-05:00,99916.45074652294
2025-11-26 14:01:00-05:00,99916.45074652294
2025-11-26 14:02:00-05:00,99916.45074652294
2025-11-26 14:03:00-05:00,99916.45074652294
2025-11-26 14:04:00-05:00,99916.45074652294
2025-11-26 14:05:00-05:00,99916.45074652294
2025-11-26 14:06:00-05:00,99916.45074652294
2025-11-26 14:07:00-05:00,99916.45074652294
2025-11-26 14:08:00-05:00,99916.45074652294
2025-11-26 14:09:00-05:00,99916.45074652294
2025-11-26 14:10:00-05:00,99916.45074652294
2025-11-26 14:11:00-05:00,99916.45074652294
2025-11-26 14:12:00-05:00,99916.45074652294
2025-11-26 14:13:00-05:00,99916.45074652294
2025-11-26 14:14:00-05:00,99916.45074652294
2025-11-26 14:15:00-05:00,99916.45074652294
2025-11-26 14:16:00-05:00,99916.45074652294
2025-11-26 14:17:00-05:00,99916.45074652294
2025-11-26 14:18:00-05:00,99916.45074652294
2025-11-26 14:19:00-05:00,99916.45074652294
2025-11-26 14:20:00-05:00,99916.45074652294
2025-11-26 14:21:00-05:00,99916.45074652294
2025-11-26 14:22:00-05:00,99916.45074652294
2025-11-26 14:23:00-05:00,99916.45074652294
2025-11-26 14:24:00-05:00,99916.45074652294
2025-11-26 14:25:00-05:00,99916.45074652294
2025-11-26 14:26:00-05:00,99916.45074652294
2025-11-26 14:27:00-05:00,99916.45074652294
2025-11-26 14:28:00-05:00,99916.45074652294
2025-11-26 14:29:00-05:00,99916.45074652294
2025-11-26 14:30:00-05:00,99916.45074652294
2025-11-26 14:31:00-05:00,99916.45074652294
2025-11-26 14:32:00-05:00,99916.45074652294
2025-11-26 14:33:00-05:00,99916.45074652294
2025-11-26 14:34:00-05:00,99916.45074652294
2025-11-26 14:35:00-05:00,99916.45074652294
2025-11-26 14:36:00-05:00,99916.45074652294
2025-11-26 14:37:00-05:00,99916.45074652294
2025-11-26 14:38:00-05:00,99916.45074652294
2025-11-26 14:39:00-05:00,99916.45074652294
2025-11-26 14:40:00-05:00,99916.45074652294
2025-11-26 14:41:00-05:00,99916.45074652294
2025-11-26 14:42:00-05:00,99916.45074652294
2025-11-26 14:43:00-05:00,99916.45074652294
2025-11-26 14:44:00-05:00,99916.45074652294
2025-11-26 14:45:00-05:00,99916.45074652294
2025-11-26 14:46:00-05:00,99916.45074652294
2025-11-26 14:47:00-05:00,99916.45074652294
2025-11-26 14:48:00-05:00,99916.45074652294
2025-11-26 14:49:00-05:00,99916.45074652294
2025-11-26 14:50:00-05:00,99916.45074652294
2025-11-26 14:51:00-05:00,99916.45074652294
2025-11-26 14:52:00-05:00,99916.45074652294
2025-11-26 14:53:00-05:00,99916.45074652294
2025-11-26 14:54:00-05:00,99916.45074652294
2025-11-26 14:55:00-05:00,99916.45074652294
2025-11-26 14:56:00-05:00,99916.45074652294
2025-11-26 14:57:00-05:00,99916.45074652294
2025-11-26 14:58:00-05:00,99916.45074652294
2025-11-26 14:59:00-05:00,99916.45074652294
2025-11-26 15:00:00-05:00,99916.45074652294
2025-11-26 15:01:00-05:00,99916.45074652294
2025-11-26 15:02:00-05:00,99916.45074652294
2025-11-26 15:03:00-05:00,99914.93210298197
2025-11-26 15:04:00-05:00,99912.46728974955
2025-11-26 15:05:00-05:00,99912.89218598978
2025-11-26 15:06:00-05:00,99913.66827083423
2025-11-26 15:07:00-05:00,99913.66827083423
2025-11-26 15:08:00-05:00,99913.66827083423
2025-11-26 15:09:00-05:00,99913.66827083423
2025-11-26 15:10:00-05:00,99913.66827083423
2025-11-26 15:11:00-05:00,99913.66827083423
2025-11-26 15:12:00-05:00,99913.66827083423
2025-11-26 15:13:00-05:00,99913.66827083423
2025-11-26 15:14:00-05:00,99913.66827083423
2025-11-26 15:15:00-05:00,99913.66827083423
2025-11-26 15:16:00-05:00,99913.66827083423
2025-11-26 15:17:00-05:00,99913.66827083423
2025-11-26 15:18:00-05:00,99913.66827083423
2025-11-26 15:19:00-05:00,99913.66827083423
2025-11-26 15:20:00-05:00,99913.66827083423
2025-11-26 15:21:00-05:00,99913.66827083423
2025-11-26 15:22:00-05:00,99913.66827083423
2025-11-26 15:23:00-05:00,99913.66827083423
2025-11-26 15:24:00-05:00,99913.66827083423
2025-11-26 15:25:00-05:00,99912.15298578965
2025-11-26 15:26:00-05:00,99911.57590877416
2025-11-26 15:27:00-05:00,99911.57590877416
2025-11-26 15:28:00-05:00,99910.06127373982
2025-11-26 15:29:00-05:00,99909.22604861045
2025-11-26 15:30:00-05:00,99907.71146779873
2025-11-26 15:31:00-05:00,99906.5365919395
2025-11-26 15:32:00-05:00,99906.5365919395
2025-11-26 15:33:00-05:00,99905.02260691539
2025-11-26 15:34:00-05:00,99905.37777708023
2025-11-26 15:35:00-05:00,99905.37777708023
2025-11-26 15:36:00-05:00,99905.37777708023
2025-11-26 15:37:00-05:00,99905.37777708023
2025-11-26 15:38:00-05:00,99905.37777708023
2025-11-26 15:39:00-05:00,99903.86436585711
2025-11-26 15:40:00-05:00,99903.89596387591
2025-11-26 15:41:00-05:00,99903.89596387591
2025-11-26 15:42:00-05:00,99903.89596387591
2025-11-26 15:43:00-05:00,99903.89596387591
2025-11-26 15:44:00-05:00,99903.89596387591
2025-11-26 15:45:00-05:00,99903.89596387591
2025-11-26 15:46:00-05:00,99903.89596387591
2025-11-26 15:47:00-05:00,99903.89596387591
2025-11-26 15:48:00-05:00,99903.89596387591
2025-11-26 15:49:00-05:00,99903.89596387591
2025-11-26 15:50:00-05:00,99903.89596387591
2025-11-26 15:51:00-05:00,99903.89596387591
2025-11-26 15:52:00-05:00,99903.89596387591
2025-11-26 15:53:00-05:00,99903.89596387591
2025-11-26 15:54:00-05:00,99902.29670643793
2025-11-26 15:55:00-05:00,99907.71492655552
2025-11-26 15:56:00-05:00,99907.71492655552
2025-11-26 15:57:00-05:00,99907.71492655552
2025-11-26 15:58:00-05:00,99907.71492655552
2025-11-26 15:59:00-05:00,99907.71492655552
2025-11-28 09:30:00-05:00,99907.71492655552
2025-11-28 09:31:00-05:00,99907.71492655552
2025-11-28 09:32:00-05:00,99907.71492655552
2025-11-28 09:33:00-05:00,99907.71492655552
2025-11-28 09:34:00-05:00,99907.71492655552
2025-11-28 09:35:00-05:00,99907.71492655552
2025-11-28 09:36:00-05:00,99907.71492655552
2025-11-28 09:37:00-05:00,99907.71492655552
2025-11-28 09:38:00-05:00,99907.71492655552
2025-11-28 09:39:00-05:00,99907.71492655552
2025-11-28 09:40:00-05:00,99907.71492655552
2025-11-28 09:41:00-05:00,99906.12203574428
2025-11-28 09:42:00-05:00,99907.76798072792
2025-11-28 09:43:00-05:00,99907.76798072792
2025-11-28 09:44:00-05:00,99907.76798072792
2025-11-28 09:45:00-05:00,99907.76798072792
2025-11-28 09:46:00-05:00,99907.76798072792
2025-11-28 09:47:00-05:00,99907.76798072792
2025-11-28 09:48:00-05:00,99907.76798072792
2025-11-28 09:49:00-05:00,99907.76798072792
2025-11-28 09:50:00-05:00,99907.76798072792
2025-11-28 09:51:00-05:00,99907.76798072792
2025-11-28 09:52:00-05:00,99907.76798072792
2025-11-28 09:53:00-05:00,99907.76798072792
2025-11-28 09:54:00-05:00,99907.76798072792
2025-11-28 09:55:00-05:00,99907.76798072792
2025-11-28 09:56:00-05:00,99907.76798072792
2025-11-28 09:57:00-05:00,99907.76798072792
2025-11-28 09:58:00-05:00,99907.76798072792
2025-11-28 09:59:00-05:00,99907.76798072792
2025-11-28 10:00:00-05:00,99907.76798072792
2025-11-28 10:01:00-05:00,99907.76798072792
2025-11-28 10:02:00-05:00,99907.76798072792
2025-11-28 10:03:00-05:00,99907.76798072792
2025-11-28 10:04:00-05:00,99907.76798072792
2025-11-28 10:05:00-05:00,99907.76798072792
2025-11-28 10:06:00-05:00,99907.76798072792
2025-11-28 10:07:00-05:00,99907.76798072792
2025-11-28 10:08:00-05:00,99907.76798072792
2025-11-28 10:09:00-05:00,99907.76798072792
2025-11-28 10:10:00-05:00,99907.76798072792
2025-11-28 10:11:00-05:00,99907.76798072792
2025-11-28 10:12:00-05:00,99907.76798072792
2025-11-28 10:13:00-05:00,99907.76798072792
2025-11-28 10:14:00-05:00,99907.76798072792
2025-11-28 10:15:00-05:00,99907.76798072792
2025-11-28 10:16:00-05:00,99907.76798072792
2025-11-28 10:17:00-05:00,99907.76798072792
2025-11-28 10:18:00-05:00,99907.76798072792
2025-11-28 10:19:00-05:00,99907.76798072792
2025-11-28 10:20:00-05:00,99907.76798072792
2025-11-28 10:21:00-05:00,99907.76798072792
2025-11-28 10:22:00-05:00,99907.76798072792
2025-11-28 10:23:00-05:00,99907.76798072792
2025-11-28 10:24:00-05:00,99907.76798072792
2025-11-28 10:25:00-05:00,99907.76798072792
2025-11-28 10:26:00-05:00,99907.76798072792
2025-11-28 10:27:00-05:00,99907.76798072792
2025-11-28 10:28:00-05:00,99907.76798072792
2025-11-28 10:29:00-05:00,99907.76798072792
2025-11-28 10:30:00-05:00,99907.76798072792
2025-11-28 10:31:00-05:00,99907.76798072792
2025-11-28 10:32:00-05:00,99907.76798072792
2025-11-28 10:33:00-05:00,99907.76798072792
2025-11-28 10:34:00-05:00,99907.76798072792
2025-11-28 10:35:00-05:00,99907.76798072792
2025-11-28 10:36:00-05:00,99907.76798072792
2025-11-28 10:37:00-05:00,99907.76798072792
2025-11-28 10:38:00-05:00,99907.76798072792
2025-11-28 10:39:00-05:00,99907.76798072792
2025-11-28 10:40:00-05:00,99907.76798072792
2025-11-28 10:41:00-05:00,99907.76798072792
2025-11-28 10:42:00-05:00,99907.76798072792
2025-11-28 10:43:00-05:00,99907.76798072792
2025-11-28 10:44:00-05:00,99907.76798072792
2025-11-28 10:45:00-05:00,99907.76798072792
2025-11-28 10:46:00-05:00,99907.76798072792
2025-11-28 10:47:00-05:00,99907.76798072792
2025-11-28 10:48:00-05:00,99907.76798072792
2025-11-28 10:49:00-05:00,99907.76798072792
2025-11-28 10:50:00-05:00,99907.76798072792
2025-11-28 10:51:00-05:00,99907.76798072792
2025-11-28 10:52:00-05:00,99907.76798072792
2025-11-28 10:53:00-05:00,99907.76798072792
2025-11-28 10:54:00-05:00,99907.76798072792
2025-11-28 10:55:00-05:00,99907.76798072792
2025-11-28 10:56:00-05:00,99907.76798072792
2025-11-28 10:57:00-05:00,99907.76798072792
2025-11-28 10:58:00-05:00,99907.76798072792
2025-11-28 10:59:00-05:00,99907.76798072792
2025-11-28 11:00:00-05:00,99907.76798072792
2025-11-28 11:01:00-05:00,99907.76798072792
2025-11-28 11:02:00-05:00,99907.76798072792
2025-11-28 11:03:00-05:00,99907.76798072792
2025-11-28 11:04:00-05:00,99907.76798072792
2025-11-28 11:05:00-05:00,99907.76798072792
2025-11-28 11:06:00-05:00,99907.76798072792
2025-11-28 11:07:00-05:00,99907.76798072792
2025-11-28 11:08:00-05:00,99907.76798072792
2025-11-28 11:09:00-05:00,99907.76798072792
2025-11-28 11:10:00-05:00,99907.76798072792
2025-11-28 11:11:00-05:00,99907.76798072792
2025-11-28 11:12:00-05:00,99907.76798072792
2025-11-28 11:13:00-05:00,99907.76798072792
2025-11-28 11:14:00-05:00,99907.76798072792
2025-11-28 11:15:00-05:00,99907.76798072792
2025-11-28 11:16:00-05:00,99907.76798072792
2025-11-28 11:17:00-05:00,99907.76798072792
2025-11-28 11:18:00-05:00,99907.76798072792
2025-11-28 11:19:00-05:00,99907.76798072792
2025-11-28 11:20:00-05:00,99907.76798072792
2025-11-28 11:21:00-05:00,99907.76798072792
2025-11-28 11:22:00-05:00,99907.76798072792
2025-11-28 11:23:00-05:00,99907.76798072792
2025-11-28 11:24:00-05:00,99907.76798072792
2025-11-28 11:25:00-05:00,99906.17514715384
2025-11-28 11:26:00-05:00,99904.46512518119
2025-11-28 11:27:00-05:00,99904.76188280745
2025-11-28 11:28:00-05:00,99904.76188280745
2025-11-28 11:29:00-05:00,99904.76188280745
2025-11-28 11:30:00-05:00,99904.76188280745
2025-11-28 11:31:00-05:00,99904.76188280745
2025-11-28 11:32:00-05:00,99904.76188280745
2025-11-28 11:33:00-05:00,99904.76188280745
2025-11-28 11:34:00-05:00,99904.76188280745
2025-11-28 11:35:00-05:00,99904.76188280745
2025-11-28 11:36:00-05:00,99904.76188280745
2025-11-28 11:37:00-05:00,99904.76188280745
2025-11-28 11:38:00-05:00,99904.76188280745
2025-11-28 11:39:00-05:00,99904.76188280745
2025-11-28 11:40:00-05:00,99904.76188280745
2025-11-28 11:41:00-05:00,99904.76188280745
2025-11-28 11:42:00-05:00,99904.76188280745
2025-11-28 11:43:00-05:00,99904.76188280745
2025-11-28 11:44:00-05:00,99904.76188280745
2025-11-28 11:45:00-05:00,99904.76188280745
2025-11-28 11:46:00-05:00,99904.76188280745
2025-11-28 11:47:00-05:00,99904.76188280745
2025-11-28 11:48:00-05:00,99904.76188280745
2025-11-28 11:49:00-05:00,99904.76188280745
2025-11-28 11:50:00-05:00,99904.76188280745
2025-11-28 11:51:00-05:00,99904.76188280745
2025-11-28 11:52:00-05:00,99904.76188280745
2025-11-28 11:53:00-05:00,99904.76188280745
2025-11-28 11:54:00-05:00,99904.76188280745
2025-11-28 11:55:00-05:00,99904.76188280745
2025-11-28 11:56:00-05:00,99904.76188280745
2025-11-28 11:57:00-05:00,99904.76188280745
2025-11-28 11:58:00-05:00,99904.76188280745
2025-11-28 11:59:00-05:00,99904.76188280745
2025-11-28 12:00:00-05:00,99904.76188280745
2025-11-28 12:01:00-05:00,99904.76188280745
2025-11-28 12:02:00-05:00,99904.76188280745
2025-11-28 12:03:00-05:00,99904.76188280745
2025-11-28 12:04:00-05:00,99904.76188280745
2025-11-28 12:05:00-05:00,99904.76188280745
2025-11-28 12:06:00-05:00,99904.76188280745
2025-11-28 12:07:00-05:00,99904.76188280745
2025-11-28 12:08:00-05:00,99904.76188280745
2025-11-28 12:09:00-05:00,99904.76188280745
2025-11-28 12:10:00-05:00,99904.76188280745
2025-11-28 12:11:00-05:00,99904.76188280745
2025-11-28 12:12:00-05:00,99904.76188280745
2025-11-28 12:13:00-05:00,99904.76188280745
2025-11-28 12:14:00-05:00,99904.76188280745
2025-11-28 12:15:00-05:00,99904.76188280745
2025-11-28 12:16:00-05:00,99904.76188280745
2025-11-28 12:17:00-05:00,99904.76188280745
2025-11-28 12:18:00-05:00,99904.76188280745
2025-11-28 12:19:00-05:00,99904.76188280745
2025-11-28 12:20:00-05:00,99904.76188280745
2025-11-28 12:21:00-05:00,99904.76188280745
2025-11-28 12:22:00-05:00,99904.76188280745
2025-11-28 12:23:00-05:00,99904.76188280745
2025-11-28 12:24:00-05:00,99904.76188280745
2025-11-28 12:25:00-05:00,99903.16337102778
2025-11-28 12:26:00-05:00,99902.98319524653
2025-11-28 12:27:00-05:00,99903.39246778892
2025-11-28 12:28:00-05:00,99903.39246778892
2025-11-28 12:29:00-05:00,99903.39246778892
2025-11-28 12:30:00-05:00,99903.39246778892
2025-11-28 12:31:00-05:00,99903.39246778892
2025-11-28 12:32:00-05:00,99903.39246778892
2025-11-28 12:33:00-05:00,99903.39246778892
2025-11-28 12:34:00-05:00,99903.39246778892
2025-11-28 12:35:00-05:00,99903.39246778892
2025-11-28 12:36:00-05:00,99903.39246778892
2025-11-28 12:37:00-05:00,99903.39246778892
2025-11-28 12:38:00-05:00,99903.39246778892
2025-11-28 12:39:00-05:00,99903.39246778892
2025-11-28 12:40:00-05:00,99903.39246778892
2025-11-28 12:41:00-05:00,99903.39246778892
2025-11-28 12:42:00-05:00,99903.39246778892
2025-11-28 12:43:00-05:00,99903.39246778892
2025-11-28 12:44:00-05:00,99903.39246778892
2025-11-28 12:45:00-05:00,99903.39246778892
2025-11-28 12:46:00-05:00,99903.39246778892
2025-11-28 12:47:00-05:00,99903.39246778892
2025-11-28 12:48:00-05:00,99901.79127006399
2025-11-28 12:49:00-05:00,99900.87968410054
2025-11-28 12:50:00-05:00,99899.365320014
2025-11-28 12:51:00-05:00,99899.87529926204
2025-11-28 12:52:00-05:00,99896.81490497493
2025-11-28 12:53:00-05:00,99895.79494647884
2025-11-28 12:54:00-05:00,99890.18517475032
2025-11-28 12:55:00-05:00,99885.93517475032
2025-11-28 12:56:00-05:00,99887.38002948665
2025-11-28 12:57:00-05:00,99885.85009174251
2025-11-28 12:58:00-05:00,99883.89525775814
2025-11-28 12:59:00-05:00,99884.57540302181
